ΤΙΤΛΟΣ ΟΜΑΔΑΣ,ΚΩΔΙΚΟΙ ΤΕΑΜΣ,OWNER
201_Μ0116.MA_10_ΔΗΜΟΣΙΑ ΟΙΚΟΝΟΜΙΚΗ [oghw3dz],,teleconf.econ
201_Μ0116.MA_11_ΧΩΡΙΚΗ ΑΝΑΠΤΥΞΗ ΚΑΙ ΣΤΡΑΤΗΓΙΚΟΣ ΣΧΕΔΙΑΣΜΟΣ [0h5yj15],,teleconf.econ
201_Μ0116.MA_16_ΕΠΙΧΕΙΡΗΣΙΑΚΗ ΔΙΑΧΕΙΡΙΣΗ [xqo7ko8],,teleconf.econ
201_Μ0116.MA_6_ΣΤΡΑΤΗΓΙΚΗ ΤΩΝ ΕΠΙΧΕΙΡΗΣΕΩΝ [5kqnwqs],,teleconf.econ
201_Μ0116.MA_7_ΟΙΚΟΝΟΜΙΚΗ ΤΗΣ ΑΜΥΝΑΣ [whm91fq],,teleconf.econ
201_Μ0116.MA_8_ΔΙΟΙΚΗΣΗ ΔΗΜΟΣΙΩΝ ΟΡΓΑΝΙΣΜΩΝ [3p6hqwz],,teleconf.econ
201_Μ0116.MA_9_ΔΙΕΘΝΕΙΣ ΣΧΕΣΕΙΣ ΚΑΙ ΣΤΡΑΤΗΓΙΚΗ [e76cx3q],,teleconf.econ
201_Μ0116.MS1_ΣΕΜΙΝΑΡΙΟ ΜΕΘΟΔΟΛΟΓΙΑΣ ΕΡΕΥΝΑΣ 1o,,teleconf.econ
201_Μ0116.ΜΑ_1_ΜΑΚΡΟΟΙΚΟΝΟΜΙΚΗ ΑΝΑΛΥΣΗ ΚΑΙ ΠΟΛΙΤΙΚΗ [ldp15x9],,teleconf.econ
201_Μ0116.ΜΑ_29_ΠΟΣΟΤΙΚΕΣ ΜΕΘΟΔΟΙ ΣΤΗΝ ΧΡΗΜΑΤΟΟΙΚΟΝΟΜΙΚΗ [h5akm24],,teleconf.econ
201_Μ0116.ΜΑ_30_ΧΡΗΜΑΤΟΟΙΚΟΝΟΜΙΚΗ ΔΙΟΙΚΗΣΗ [b2gnsrq],,teleconf.econ
201_Μ0116.ΜΑ_31_ΕΦΑΡΜΟΣΜΕΝΗ ΟΙΚΟΝΟΜΙΚΗ ΑΝΑΛΥΣΗ [f8ug8v5],,teleconf.econ
201_Μ0116.ΜΑ_4_ΑΝΑΛΥΣΗ ΧΡΗΜΑΤΟΟΙΚΟΝΟΜΙΚΩΝ ΣΕΙΡΩΝ [0xuatju],,teleconf.econ
201_Μ0216.ΠΜΣ0101_ΧΡΗΜΑΤΟΟΙΚΟΝΟΜΙΚΗ ΑΝΑΛΥΣΗ Ι,,teleconf.econ
201_Μ0216.ΠΜΣ0102_ΧΡΗΜΑΤΟΙΚΟΝΟΜΙΚΗ ΛΟΓΙΣΤΙΚΗ Ι,,teleconf.econ
201_Μ0216.ΠΜΣ0103_ΔΙΟΙΚΗΤΙΚΗ ΛΟΓΙΣΤΙΚΗ Ι,,teleconf.econ
201_Μ0216.ΠΜΣ0104_ΕΛΕΓΚΤΙΚΗ Ι,,teleconf.econ
201_Μ0216.ΠΜΣ0105_ΜΕΘΟΔΟΛΟΓΙΑ ΕΡΕΥΝΑΣ I,,teleconf.econ
201_Μ0416.ΠΜΣ-0101_ΜΑΘΗΜΑΤΙΚΕΣ ΜΕΘΟΔΟΙ ΣΤΗΝ ΟΙΚΟΝΟΜΙΚΗ ΦΥΣΙΚΗ,,teleconf.econ
201_Μ0416.ΠΜΣ-0102_ΣΤΑΤΙΣΤΙΚΗ ΦΥΣΙΚΗ ΚΑΙ ΘΕΡΜΟΔΥΝΑΜΙΚΗ:ΠΡΟΣΕΓΓΙΣΗ ΣΤΗΝ ΟΙΚΟΝΟΜΙΑ,,teleconf.econ
201_Μ0416.ΠΜΣ-0103_ΕΠΙΧΕΙΡΗΣΙΑΚΗ ΟΙΚΟΝΟΜΙΚΗ,,teleconf.econ
201_Μ0416.ΠΜΣ-0104_ΠΟΣΟΤΙΚΕΣ ΜΕΘΟΔΟΙ ΣΤΑ ΟΙΚΟΝΟΜΙΚΑ-ΑΝΑΛΥΣΗ ΟΙΚΟΝΟΜΙΚΩΝ ΧΡΟΝΟΣΕΙΡΩΝ ΜΕ ΓΡΑΜΜΙΚΕΣ ΜΕΘΟΔΟΥΣ,,teleconf.econ
201_Μ0416.ΠΜΣ-0105_ΣΕΜΙΝΑΡΙΟ ΜΕΘΟΔΟΛΟΓΙΑΣ ΕΡΕΥΝΑΣ(1ο Μέρος),,teleconf.econ
201_Μ0516.ΜΑ01_ΕΠΙΧΕΙΡΗΜΑΤΙΚΗ ΣΤΡΑΤΗΓΙΚΗ,,teleconf.econ
201_Μ0516.ΜΑ02_ΔΙΟΙΚΗΣΗ ΜΑΡΚΑΣ (BRANDING),,teleconf.econ
201_Μ0516.ΜΑ05_ΔΙΟΙΚΗΣΗ ΛΕΙΤΟΥΡΓΙΩΝ & ΠΑΓΚΟΣΜΙΕΣ ΑΛΥΣΙΔΕΣ ΑΞΙΑΣ,,teleconf.econ
201_Μ0516.ΜΑ06_ΤΕΧΝΟΛΟΓΙΚΗ ΣΤΡΑΤΗΓΙΚΗ,,teleconf.econ
201_ΠΠΣ16.ΚΕ0102_ΕΜΠΟΡΙΚΟ ΔΙΚΑΙΟ,,teleconf.econ
201_ΠΠΣ16.ΚΕ401_ΔΙΕΘΝΕΙΣ ΟΙΚΟΝΟΜΙΚΟΙ ΟΡΓΑΝΙΣΜΟΙ,,teleconf.econ
201_ΠΠΣ16.ΚΕ601_ΚΟΙΝΩΝΙΟΛΟΓΙΑ,,teleconf.econ
201_ΠΠΣ16.ΜΠ0102_ΜΑΘΗΜΑΤΙΚΑ ΙΙ,,teleconf.econ
201_ΠΠΣ16.ΜΠ0202_ΠΛΗΡΟΦΟΡΙΚΗ ΙΙ,,teleconf.econ
201_ΠΠΣ16.ΜΠ0301_ΣΤΑΤΙΣΤΙΚΗ Ι,,teleconf.econ
201_ΠΠΣ16.ΜΠ0401_ΟΙΚΟΝΟΜΕΤΡΙΑ I,,teleconf.econ
201_ΠΠΣ16.ΜΠ801_ΑΝΑΛΥΣΗ ΧΡΟΝΟΛΟΓΙΚΩΝ ΣΕΙΡΩΝ,,teleconf.econ
201_ΠΠΣ16.ΜΠ802_ΥΠΟΛΟΓΙΣΤΙΚΕΣ ΜΕΘΟΔΟΙ,,teleconf.econ
201_ΠΠΣ16.ΞΓ0102_ΑΓΓΛΙΚΑ ΓΙΑ ΟΙΚΟΝΟΜΙΚΑ ΚΑΙ ΕΠΙΧΕΙΡΗΣΕΙΣ ΙΙ,,teleconf.econ
201_ΠΠΣ16.ΞΓ0104_ΑΓΓΛΙΚΑ ΓΙΑ ΟΙΚΟΝΟΜΙΚΑ ΚΑΙ ΕΠΙΧΕΙΡΗΣΕΙΣ IV,,teleconf.econ
201_ΠΠΣ16.ΞΓ0202_ΓΑΛΛΙΚΑ ΙΙ,,teleconf.econ
201_ΠΠΣ16.ΞΓ0204_ΓΑΛΛΙΚΑ ΙV,,teleconf.econ
201_ΠΠΣ16.ΞΓ0302_ΓΕΡΜΑΝΙΚΑ ΙΙ,,teleconf.econ
201_ΠΠΣ16.ΞΓ0304_ΓΕΡΜΑΝΙΚΑ IV,,teleconf.econ
201_ΠΠΣ16.ΞΓ0402_ΙΤΑΛΙΚΑ ΙΙ,,teleconf.econ
201_ΠΠΣ16.ΞΓ0404_ΙΤΑΛΙΚΑ IV,,teleconf.econ
201_ΠΠΣ16.ΟΑ0104_ΟΙΚΟΝΟΜΙΚΗ ΟΛΟΚΛΗΡΩΣΗ ( ΠΑΓΚΟΣΜΙΟΠΟΙΗΣΗ-ΓΕΩΣΤΡΑΤΗΓΙΚΕΣ),,teleconf.econ
201_ΠΠΣ16.ΟΑ0120_ΟΙΚΟΝΟΜΙΚΗ ΤΟΥ ΠΕΡΙΒΑΛΛΟΝΤΟΣ,,teleconf.econ
201_ΠΠΣ16.ΟΑ0123_ΟΙΚΟΝΟΜΙΚΗ ΤΩΝ ΜΕΤΑΦΟΡΩΝ,,teleconf.econ
201_ΠΠΣ16.ΟΑ0201_ΜΙΚΡΟΟΙΚΟΝΟΜΙΚΗ ΑΝΑΛΥΣΗ Ι,,teleconf.econ
201_ΠΠΣ16.ΟΑ0203_ΜΙΚΡΟΟΙΚΟΝΟΜΙΚΗ ΑΝΑΛΥΣΗ ΙΙΙ,,teleconf.econ
201_ΠΠΣ16.ΟΑ0300_ΟΙΚΟΝΟΜΙΚΗ ΤΗΣ ΑΜΥΝΑΣ,,teleconf.econ
201_ΠΠΣ16.ΟΑ0301_ΜΑΚΡΟΟΙΚΟΝΟΜΙΚΗ ΑΝΑΛΥΣΗ Ι,,teleconf.econ
201_ΠΠΣ16.ΟΑ0303_ΜΑΚΡΟΟΙΚΟΝΟΜΙΚΗ ΑΝΑΛΥΣΗ ΙΙΙ,,teleconf.econ
201_ΠΠΣ16.ΟΑ0402_ΔΗΜΟΣΙΑ ΟΙΚΟΝΟΜΙΚΗ ΙΙ,,teleconf.econ
201_ΠΠΣ16.ΟΑ0601_ΙΣΤΟΡΙΑ ΟΙΚΟΝΟΜΙΚΩΝ ΘΕΩΡΙΩΝ,,teleconf.econ
201_ΠΠΣ16.ΟΑ0701_ΟΙΚΟΝΟΜΙΚΗ ΤΩΝ ΘΕΣΜΩΝ,,teleconf.econ
201_ΠΠΣ16.ΟΑ1503_ΔΕΙΓΜΑΤΟΛΗΨΙΑ (ΜΕΘΟΔΟΛΟΓΙΑ ΕΡΕΥΝΑΣ),,teleconf.econ
201_ΠΠΣ16.ΟΑ2000_ΤΟΥΡΙΣΤΙΚΗ ΑΝΑΠΤΥΞΗ ΚΑΙ ΣΧΕΔΙΑΣΜΟΣ (διδασκαλία στα Αγγλικά),,teleconf.econ
201_ΠΠΣ16.ΟΑ602_ΠΕΡΙΦΕΡΕΙΑΚΗ ΟΙΚΟΝΟΜΙΚΗ,,teleconf.econ
201_ΠΠΣ16.ΟΑ702_ΔΙΕΘΝΕΣ ΕΜΠΟΡΙΟ,,teleconf.econ
201_ΠΠΣ16.ΟΑ801_ΘΕΩΡΙΑ ΟΙΚΟΝΟΜΙΚΗΣ ΠΟΛΙΤΙΚΗΣ,,teleconf.econ
201_ΠΠΣ16.ΟΑ803_ΘΕΩΡΙΑ ΠΑΙΓΝΙΩΝ,,teleconf.econ
201_ΠΠΣ16.ΟΑ804_ΕΛΛΗΝΙΚΗ ΟΙΚΟΝΟΜΙΑ,,teleconf.econ
201_ΠΠΣ16.ΟΕ0301_ΜΑΡΚΕΤΙΝΓΚ,,teleconf.econ
201_ΠΠΣ16.ΟΕ0401_ΑΞΙΟΛΟΓΗΣΗ ΕΠΕΝΔΥΣΕΩΝ,,teleconf.econ
201_ΠΠΣ16.ΟΕ0501_ΧΡΗΜΑΤΟΟΙΚΟΝΟΜΙΚΗ ΑΝΑΛΥΣΗ ΤΩΝ ΕΠΙΧΕΙΡΗΣΕΩΝ,,teleconf.econ
201_ΠΠΣ16.ΟΕ801_ΔΙΟΙΚΗΣΗ ΜΙΚΡΟΜΕΣΑΙΩΝ ΕΠΙΧEIΡΗΣΕΩΝ,,teleconf.econ
201_ΠΠΣ16.ΟΕ802_ΔΙΟΙΚΗΤΙΚΗ ΛΟΓΙΣΤΙΚΗ,,teleconf.econ
201_ΠΠΣ16.ΟΕ803_ΔΙΑΧΕΙΡΙΣΗ ΧΑΡΤΟΦΥΛΑΚΙΟΥ,,teleconf.econ
201_ΠΠΣ16.ΟΕ804_ΟΙΚΟΝΟΜΙΚΗ ΤΗΣ ΤΕΧΝΟΛΟΓΙΑΣ,,teleconf.econ
201_ΠΠΣ16.ΟΕ805_ΑΝΑΠΤΥΞΗ ΕΠΙΧΕΙΡΗΜΑΤΙΚΩΝ ΣΧΕΔΙΩΝ,,teleconf.econ
202_Μ0116.MA_9_ΔΙΕΘΝΕΙΣ ΣΧΕΣΕΙΣ ΚΑΙ ΣΤΡΑΤΗΓΙΚΗ [e76cx3q],,teleconf.econ
202_Μ0516.ΜΑ03_ΔΥΝΑΜΙΚΗ ΑΤΟΜΩΝ, ΟΜΑΔΩΝ & ΟΡΓΑΝΙΣΜΩΝ,,teleconf.econ
202_Μ0516.ΜΑ04_ΑΝΑΠΤΥΞΗ ΠΡΟΪΟΝΤΩΝ, ΥΠΗΡΕΣΙΩΝ & ΣΥΣΤΗΜΑΤΩΝ,,teleconf.econ
202_Μ0516.ΜΑ07_ΔΙΟΙΚΗΣΗ ΚΑΙΝΟΤΟΜΙΑΣ & ΤΕΧΝΟΛΟΓΙΑΣ,,teleconf.econ
202_Μ0516.ΜΑ08_ΕΠΙΧΕΙΡΗΜΑΤΙΚΟ ΕΓΧΕΙΡΗΜΑ,,teleconf.econ
